,City,Cloudiness,Country,Date,Humidity,Latitude,Longitude,Max Temperature,Wind Speed
0,mocajuba,100.0,BR,1584243800.0,98.0,-2.58,-49.51,75.38,2.42
1,palabuhanratu,,,,,,,,
2,kapaa,20.0,US,1584243737.0,64.0,22.08,-159.32,77.0,13.87
3,hithadhoo,74.0,MV,1584243769.0,63.0,-0.6,73.08,83.25,5.37
4,itoman,75.0,JP,1584244038.0,48.0,26.12,127.67,64.4,17.22
5,atuona,28.0,PF,1584243862.0,67.0,-9.8,-139.03,82.47,8.03
6,victoria,20.0,HK,1584244041.0,49.0,22.29,114.16,75.99,6.93
7,novopetrovskoye,75.0,RU,1584244041.0,79.0,55.99,36.47,19.4,11.18
8,asau,90.0,RO,1584243946.0,59.0,46.43,26.4,36.0,14.99
9,punta arenas,99.0,CL,1584244043.0,67.0,-53.15,-70.92,57.2,16.11
10,le port,100.0,RE,1584243900.0,65.0,-20.94,55.29,77.0,3.36
11,rikitea,3.0,PF,1584243920.0,70.0,-23.12,-134.97,79.07,9.08
12,cape town,40.0,ZA,1584243969.0,72.0,-33.93,18.42,64.99,17.22
13,touros,20.0,BR,1584243834.0,94.0,-5.2,-35.46,77.0,4.7
14,bluff,100.0,NZ,1584243960.0,69.0,-46.6,168.33,66.99,1.99
15,cayenne,65.0,GF,1584244049.0,78.0,4.93,-52.33,78.8,5.82
16,safi,100.0,MA,1584244050.0,87.0,32.17,-8.83,52.57,4.45
17,ushuaia,40.0,AR,1584244050.0,58.0,-54.8,-68.3,53.6,6.93
18,narsaq,100.0,GL,1584244051.0,67.0,60.92,-46.05,21.2,1.12
19,albany,1.0,US,1584244051.0,77.0,42.6,-73.97,39.99,6.93
20,la ronge,75.0,CA,1584244047.0,65.0,55.1,-105.28,3.2,3.36
21,vaini,75.0,TO,1584243859.0,83.0,-21.2,-175.2,84.2,13.87
22,new norfolk,40.0,AU,1584243984.0,59.0,-42.78,147.06,63.0,17.22
23,puerto ayora,4.0,EC,1584244054.0,76.0,-0.74,-90.35,80.01,8.99
24,mataura,100.0,NZ,1584244054.0,69.0,-46.19,168.86,66.99,1.99
25,isangel,90.0,VU,1584244055.0,74.0,-19.55,169.27,87.8,11.41
26,bogorodskoye,98.0,RU,1584244055.0,64.0,56.55,37.88,22.73,11.92
27,torbay,75.0,CA,1584243782.0,85.0,47.67,-52.73,34.0,26.4
28,bor,39.0,RU,1584244056.0,100.0,56.36,44.07,33.01,2.24
29,nouakchott,40.0,MR,1584243873.0,88.0,18.09,-15.98,68.0,9.17
30,beaverlodge,20.0,CA,1584244059.0,58.0,55.22,-119.44,-5.8,2.24
31,blagoyevo,92.0,RU,1584244060.0,92.0,63.37,47.92,10.51,6.55
32,thompson,20.0,CA,1584243861.0,63.0,55.74,-97.86,-9.4,2.24
33,sarakhs,100.0,IR,1584244062.0,39.0,36.54,61.16,62.6,2.24
34,yellowknife,90.0,CA,1584244062.0,72.0,62.46,-114.35,10.4,8.05
35,hualmay,98.0,PE,1584244063.0,79.0,-11.1,-77.61,71.71,3.31
36,nikolskoye,55.0,RU,1584244063.0,57.0,59.7,30.79,21.2,8.95
37,tiarei,40.0,PF,1584244064.0,66.0,-17.53,-149.33,86.0,9.17
38,illoqqortoormiut,,,,,,,,
39,san patricio,69.0,MX,1584244065.0,80.0,19.22,-104.7,77.85,3.89
40,ketchikan,1.0,US,1584243789.0,59.0,55.34,-131.65,41.0,12.75
41,kattivakkam,40.0,IN,1584244066.0,74.0,13.22,80.32,84.0,2.24
42,hami,100.0,CN,1584244066.0,22.0,42.8,93.45,43.72,1.59
43,hermanus,100.0,ZA,1584244123.0,77.0,-34.42,19.23,63.0,7.0
44,mahebourg,75.0,MU,1584243860.0,94.0,-20.41,57.7,80.01,7.81
45,georgetown,20.0,MY,1584244124.0,70.0,5.41,100.34,89.6,3.36
46,ribeira grande,26.0,PT,1584244124.0,84.0,38.52,-28.7,55.63,4.79
47,port alfred,62.0,ZA,1584243931.0,88.0,-33.59,26.89,68.0,5.99
48,qaanaaq,34.0,GL,1584244126.0,58.0,77.48,-69.36,-20.22,6.4
49,chokurdakh,33.0,RU,1584244128.0,88.0,70.63,147.92,-15.93,1.48
50,pangnirtung,100.0,CA,1584244129.0,98.0,66.15,-65.71,-34.33,0.72
51,koslan,100.0,RU,1584244130.0,90.0,63.46,48.9,12.18,7.56
52,amderma,,,,,,,,
53,pascagoula,1.0,US,1584243962.0,93.0,30.37,-88.56,68.0,3.51
54,ayotzintepec,22.0,MX,1584244133.0,94.0,17.67,-96.13,67.5,0.58
55,carnarvon,40.0,AU,1584244134.0,65.0,-24.87,113.63,82.4,8.05
56,xai-xai,11.0,MZ,1584244135.0,97.0,-25.05,33.64,70.32,2.86
57,price,90.0,US,1584244135.0,70.0,39.6,-110.81,44.6,9.17
58,port lincoln,6.0,AU,1584244135.0,59.0,-34.73,135.87,65.3,14.88
59,severo-kurilsk,100.0,RU,1584244136.0,80.0,50.68,156.12,21.76,9.4
60,lavrentiya,100.0,RU,1584244136.0,79.0,65.58,-171.0,21.02,10.56
61,kerema,67.0,PG,1584244137.0,84.0,-7.96,145.78,82.29,6.93
62,atbasar,100.0,KZ,1584244138.0,97.0,51.8,68.33,32.31,12.93
63,norilsk,75.0,RU,1584244047.0,84.0,69.35,88.2,8.6,22.37
64,tuatapere,100.0,NZ,1584244139.0,69.0,-46.13,167.68,66.99,1.99
65,nome,90.0,US,1584243890.0,92.0,64.5,-165.41,30.2,12.75
66,geraldton,40.0,AU,1584243991.0,62.0,-28.77,114.6,84.2,14.99
67,butaritari,0.0,KI,1584243861.0,74.0,3.07,172.79,83.88,11.79
68,lebu,0.0,CL,1584244141.0,76.0,-37.62,-73.65,53.38,8.03
69,gvarv,100.0,NO,1584244141.0,86.0,59.39,9.17,41.0,21.92
70,ilulissat,97.0,GL,1584244142.0,64.0,69.22,-51.1,-0.4,9.17
71,ponte nova,100.0,BR,1584244142.0,96.0,-20.42,-42.91,67.17,1.03
72,saleaula,,,,,,,,
73,mar del plata,40.0,AR,1584243868.0,87.0,-38.0,-57.56,64.0,3.36
74,praya,0.0,CV,1584243867.0,68.0,14.92,-23.51,71.6,13.87
75,shushtar,99.0,IR,1584244144.0,85.0,32.05,48.86,59.77,3.31
76,umba,33.0,RU,1584244144.0,82.0,66.69,34.34,12.25,12.37
77,kamenskoye,,,,,,,,
78,airai,49.0,TL,1584243858.0,50.0,-8.93,125.41,81.63,5.53
79,tabas,100.0,IR,1584244146.0,14.0,33.6,56.92,62.6,4.7
80,gorontalo,87.0,ID,1584244147.0,54.0,0.54,123.06,88.56,5.55
81,formoso do araguaia,,,,,,,,
82,constitucion,0.0,CL,1584244148.0,62.0,-35.33,-72.42,56.01,5.28
83,alyangula,40.0,AU,1584244148.0,32.0,-13.85,136.42,95.0,5.82
84,uruzgan,67.0,AF,1584244149.0,41.0,32.83,66.0,40.08,7.9
85,longyearbyen,90.0,SJ,1584244149.0,77.0,78.22,15.64,-2.2,4.7
86,acapulco,20.0,MX,1584244151.0,78.0,16.86,-99.89,80.6,3.06
87,hobart,40.0,AU,1584244050.0,59.0,-42.88,147.33,63.0,17.22
88,esperance,75.0,AU,1584244151.0,57.0,-33.87,121.9,75.2,18.34
89,sargatskoye,100.0,RU,1584244152.0,95.0,55.61,73.5,33.08,12.75
90,misratah,0.0,LY,1584244022.0,56.0,32.38,15.09,65.59,10.74
91,rio grande,43.0,BR,1584243987.0,96.0,-32.03,-52.1,73.0,5.77
92,taolanaro,,,,,,,,
93,tiksi,54.0,RU,1584244154.0,73.0,71.69,128.87,-10.35,6.08
94,busselton,28.0,AU,1584244067.0,69.0,-33.65,115.33,73.99,15.01
95,iqaluit,5.0,CA,1584243866.0,67.0,63.75,-68.51,-27.0,11.41
96,quesnel,1.0,CA,1584244157.0,44.0,53.0,-122.5,17.6,9.17
97,guerrero negro,60.0,MX,1584244158.0,71.0,27.98,-114.06,61.27,13.15
98,hambantota,5.0,LK,1584244159.0,88.0,6.12,81.12,80.6,4.7
99,anadyr,40.0,RU,1584244159.0,85.0,64.75,177.48,24.8,26.84
100,aklavik,90.0,CA,1584244160.0,74.0,68.22,-135.01,28.4,6.93
101,vao,99.0,NC,1584244160.0,82.0,-22.67,167.48,83.75,29.95
102,ponta do sol,75.0,PT,1584243865.0,77.0,32.67,-17.1,59.0,10.29
103,pontes e lacerda,70.0,BR,1584243989.0,93.0,-15.23,-59.34,73.54,2.17
104,krasnoselkup,100.0,RU,1584244161.0,96.0,65.7,82.47,27.91,12.84
105,katsuura,40.0,JP,1584244162.0,57.0,35.13,140.3,51.01,5.82
106,upernavik,90.0,GL,1584244162.0,99.0,72.79,-56.15,-14.69,2.39
107,lolua,,,,,,,,
108,berlevag,100.0,NO,1584243929.0,85.0,70.86,29.09,21.63,26.82
109,gat,20.0,IL,1584244163.0,87.0,31.61,34.76,57.2,5.82
110,khatanga,100.0,RU,1584244164.0,96.0,71.97,102.5,27.61,13.22
111,san vicente,0.0,AR,1584244164.0,51.0,-26.62,-54.13,71.1,2.35
112,bambous virieux,75.0,MU,1584243872.0,94.0,-20.34,57.76,80.01,13.02
113,bredasdorp,100.0,ZA,1584244166.0,88.0,-34.53,20.04,62.6,6.93
114,pak phanang,40.0,TH,1584244166.0,59.0,8.35,100.2,93.2,6.93
115,kodiak,1.0,US,1584244167.0,55.0,57.79,-152.41,39.2,4.65
116,casino,75.0,AU,1584244167.0,88.0,-28.87,153.05,70.0,18.34
117,vila velha,40.0,BR,1584244156.0,94.0,-20.33,-40.29,75.2,2.68
118,padang,49.0,ID,1584244170.0,58.0,-0.95,100.35,83.03,1.83
119,shache,0.0,CN,1584244170.0,27.0,38.42,77.24,47.75,0.4
120,fortuna,90.0,US,1584244171.0,86.0,40.6,-124.16,43.0,11.41
121,rawson,0.0,AR,1584244171.0,65.0,-43.3,-65.1,60.96,7.63
122,bambanglipuro,66.0,ID,1584243875.0,65.0,-7.95,110.28,86.86,1.39
123,pacific grove,75.0,US,1584244173.0,87.0,36.62,-121.92,53.6,6.93
124,tura,85.0,IN,1584244174.0,62.0,25.52,90.22,74.1,9.82
125,yeppoon,75.0,AU,1584244176.0,45.0,-23.13,150.73,84.2,8.05
126,san pedro,75.0,PH,1584243922.0,66.0,14.35,121.02,88.0,6.93
127,vaitupu,,,,,,,,
128,codrington,66.0,AU,1584244178.0,71.0,-38.27,141.97,59.13,15.48
129,polyarnyy,75.0,RU,1584244178.0,56.0,69.2,33.45,15.8,20.13
130,port elizabeth,79.0,ZA,1584244179.0,88.0,-33.92,25.57,66.2,19.46
131,doka,88.0,SD,1584244179.0,13.0,13.52,35.77,70.83,10.02
132,saharanpur,0.0,IN,1584244179.0,80.0,29.97,77.55,59.0,3.76
133,labuhan,22.0,ID,1584243885.0,70.0,-6.88,112.21,86.65,1.99
134,klaksvik,100.0,FO,1584244182.0,74.0,62.23,-6.59,33.8,33.33
135,porto velho,75.0,BR,1584244041.0,94.0,-8.76,-63.9,78.8,3.36
136,lubango,100.0,AO,1584244183.0,89.0,-14.92,13.49,60.58,3.04
137,tuktoyaktuk,75.0,CA,1584244184.0,85.0,69.45,-133.04,24.8,35.57
138,caravelas,100.0,BR,1584244185.0,79.0,-17.71,-39.25,80.42,12.39
139,opunake,0.0,NZ,1584244185.0,72.0,-39.46,173.86,72.0,1.99
140,arraial do cabo,16.0,BR,1584244186.0,88.0,-22.97,-42.03,78.28,12.3
141,levelland,75.0,US,1584244118.0,87.0,33.59,-102.38,51.8,16.11
142,komsomolskiy,0.0,UZ,1584244187.0,38.0,40.43,71.72,53.6,4.7
143,hilo,90.0,US,1584243961.0,73.0,19.73,-155.09,77.0,5.82
144,barra patuca,1.0,HN,1584244189.0,78.0,15.8,-84.28,80.11,13.94
145,zacatepec,0.0,MX,1584244189.0,39.0,18.65,-99.2,77.25,5.53
146,seoul,75.0,KR,1584244191.0,23.0,37.57,126.98,48.2,6.93
147,talawdi,,,,,,,,
148,dikson,67.0,RU,1584244193.0,99.0,73.51,80.55,-17.95,6.22
149,ariquemes,100.0,BR,1584244193.0,98.0,-9.91,-63.04,74.05,3.31
150,puerto del rosario,0.0,ES,1584244194.0,77.0,28.5,-13.86,60.8,8.05
151,kamenka,33.0,RU,1584244051.0,87.0,51.32,42.77,33.01,8.01
152,el salto,0.0,MX,1584244196.0,75.0,20.33,-104.5,66.99,8.99
153,skalistyy,,,,,,,,
154,fort nelson,75.0,CA,1584243911.0,29.0,58.81,-122.7,24.8,4.7
155,kato akhaia,,,,,,,,
156,sentyabrskiy,,,,,,,,
157,ilmajoki,37.0,FI,1584244198.0,73.0,62.73,22.57,30.2,10.29
158,saint-joseph,33.0,RE,1584244200.0,65.0,-21.37,55.62,78.8,3.36
159,tasiilaq,2.0,GL,1584244202.0,70.0,65.61,-37.64,1.4,2.24
160,nanakuli,90.0,US,1584244202.0,65.0,21.39,-158.15,80.6,5.82
161,cuamba,89.0,MZ,1584244203.0,97.0,-14.8,36.54,65.44,1.45
162,kidderminster,75.0,GB,1584244204.0,81.0,52.39,-2.25,50.0,14.99
163,taoudenni,0.0,ML,1584244204.0,12.0,22.68,-3.98,69.71,6.4
164,imbituba,75.0,BR,1584244205.0,61.0,-28.24,-48.67,78.8,13.87
165,buala,78.0,SB,1584244205.0,78.0,-8.14,159.59,83.19,10.31
166,lagoa,22.0,PT,1584244205.0,83.0,39.05,-27.98,58.8,11.34
167,barentsburg,,,,,,,,
168,jamestown,90.0,US,1584244207.0,86.0,42.1,-79.24,34.0,3.36
169,saskylakh,100.0,RU,1584244208.0,92.0,71.92,114.08,5.95,12.01
170,tlapacoyan,94.0,MX,1584244210.0,86.0,19.97,-97.22,72.9,1.07
171,praia da vitoria,20.0,PT,1584244211.0,87.0,38.73,-27.07,55.4,3.85
172,grand river south east,,,,,,,,
173,curup,92.0,ID,1584244211.0,61.0,-3.47,102.53,82.13,3.02
174,provideniya,87.0,RU,1584244212.0,86.0,64.38,-173.3,20.64,10.65
175,cabo san lucas,40.0,MX,1584244212.0,73.0,22.89,-109.91,70.0,3.36
176,sug-aksy,,,,,,,,
177,aksu,43.0,CN,1584244215.0,21.0,41.12,80.26,46.09,2.46
178,sitka,1.0,US,1584244215.0,64.0,57.05,-135.33,39.2,3.58
179,vila franca do campo,20.0,PT,1584244217.0,81.0,37.72,-25.43,53.6,8.05
180,sorland,90.0,NO,1584244217.0,68.0,67.67,12.69,36.54,15.46
181,victor harbor,1.0,AU,1584244218.0,35.0,-35.57,138.62,73.0,12.75
182,shenjiamen,0.0,CN,1584244219.0,67.0,29.96,122.3,53.2,13.6
183,iskateley,74.0,RU,1584244220.0,94.0,67.68,53.15,6.91,6.4
184,barlinek,0.0,PL,1584244220.0,63.0,52.99,15.22,30.99,13.87
185,saint-philippe,48.0,RE,1584244220.0,65.0,-21.36,55.77,78.8,3.36
186,huanren,60.0,CN,1584244221.0,72.0,41.26,125.37,24.51,14.14
187,east london,90.0,ZA,1584244222.0,88.0,-33.02,27.91,68.0,9.17
188,san quintin,69.0,MX,1584244222.0,76.0,30.48,-115.95,59.83,9.78
189,nanortalik,100.0,GL,1584244223.0,89.0,60.14,-45.24,21.56,8.32
190,cidreira,0.0,BR,1584244223.0,89.0,-30.18,-50.21,76.06,23.31
191,nizhneyansk,,,,,,,,
192,velsk,0.0,RU,1584244224.0,92.0,61.07,42.1,14.58,6.08
193,olafsvik,98.0,IS,1584244225.0,64.0,64.89,-23.71,26.78,14.7
194,saint anthony,1.0,US,1584244225.0,63.0,45.02,-93.22,28.4,6.13
195,llanes,39.0,ES,1584244227.0,97.0,43.42,-4.75,44.01,1.01
196,baruun-urt,0.0,MN,1584244227.0,85.0,46.68,113.28,26.19,5.03
197,santa lucia,20.0,ES,1584244063.0,72.0,27.91,-15.54,62.6,12.75
198,dehloran,100.0,IR,1584244228.0,89.0,32.69,47.27,57.79,11.88
199,attawapiskat,,,,,,,,
200,tateyama,40.0,JP,1584244229.0,57.0,34.98,139.87,51.8,5.82
201,bubaque,0.0,GW,1584243940.0,46.0,11.28,-15.83,82.18,17.0
202,talnakh,75.0,RU,1584244230.0,84.0,69.49,88.4,8.6,22.37
203,mizdah,0.0,LY,1584244230.0,36.0,31.45,12.98,57.2,5.3
204,dali,24.0,CN,1584244231.0,41.0,25.7,100.18,66.4,5.41
205,safaga,0.0,EG,1584244232.0,68.0,26.73,33.94,63.27,7.11
206,epe,100.0,NG,1584244233.0,87.0,6.58,3.98,79.34,5.35
207,rocha,73.0,UY,1584244235.0,84.0,-34.48,-54.33,62.1,5.28
208,lubao,75.0,PH,1584244235.0,58.0,14.92,120.55,88.0,2.24
209,nichinan,75.0,JP,1584244238.0,48.0,31.6,131.37,59.0,23.04
210,civitanova marche,33.0,IT,1584244239.0,76.0,43.31,13.72,53.01,5.82
211,grand centre,,,,,,,,
212,bengkulu,100.0,ID,1584244240.0,57.0,-3.8,102.27,88.72,0.67
213,makakilo city,90.0,US,1584244240.0,65.0,21.35,-158.09,80.6,5.82
214,quatre cocos,75.0,MU,1584244241.0,94.0,-20.21,57.76,80.01,13.38
215,batsfjord,100.0,NO,1584244242.0,93.0,70.63,29.72,11.21,21.23
216,bosaso,0.0,SO,1584244242.0,85.0,11.28,49.18,77.25,13.67
217,sur,99.0,OM,1584244243.0,34.0,22.57,59.53,68.09,7.65
218,yulara,0.0,AU,1584244243.0,18.0,-25.24,130.99,89.6,9.17
219,saint-louis,21.0,SN,1584243958.0,49.0,16.33,-15.0,68.0,2.24
220,sinnamary,96.0,GF,1584244245.0,77.0,5.38,-52.95,79.61,15.52
221,mackay,11.0,AU,1584244026.0,54.0,-21.15,149.2,82.4,16.11
222,mocambique,,,,,,,,
223,honningsvag,100.0,NO,1584244246.0,90.0,70.98,25.97,27.91,18.3
224,benguela,100.0,AO,1584244247.0,84.0,-12.58,13.41,78.58,3.62
225,cherbourg,90.0,FR,1584244248.0,87.0,49.64,-1.61,48.99,17.22
226,bilma,14.0,NE,1584244249.0,22.0,18.69,12.92,58.6,2.53
227,gangtok,7.0,IN,1584244249.0,41.0,27.33,88.62,55.38,0.94
228,shirokiy,0.0,RU,1584244249.0,86.0,49.76,129.52,12.88,9.82
229,andenes,0.0,NO,1584244250.0,80.0,69.31,16.12,35.6,29.97
230,guayaramerin,94.0,BO,1584244250.0,87.0,-10.84,-65.36,77.05,0.56
231,bathsheba,75.0,BB,1584244251.0,78.0,13.22,-59.52,78.8,16.11
232,orumiyeh,20.0,IR,1584244251.0,100.0,37.55,45.08,37.4,4.7
233,bridlington,100.0,GB,1584244253.0,76.0,54.08,-0.19,51.8,28.86
234,puerto baquerizo moreno,41.0,EC,1584244253.0,84.0,-0.9,-89.6,78.66,9.24
235,monaghan,94.0,IE,1584244253.0,81.0,54.25,-6.97,44.01,17.22
236,benton,90.0,US,1584244254.0,93.0,36.33,-94.33,44.6,6.93
237,luderitz,0.0,NA,1584244254.0,82.0,-26.65,15.16,64.4,12.75
238,meyungs,,,,,,,,
239,belushya guba,,,,,,,,
240,tsihombe,,,,,,,,
241,beyla,49.0,GN,1584244256.0,90.0,8.68,-8.63,68.59,5.28
242,lakhimpur,0.0,IN,1584244258.0,64.0,27.95,80.77,67.44,4.27
243,talavera de la reina,0.0,ES,1584244259.0,78.0,39.96,-4.83,49.35,1.39
244,berdigestyakh,100.0,RU,1584244260.0,94.0,62.1,126.7,2.64,5.41
245,tautira,40.0,PF,1584244260.0,66.0,-17.73,-149.15,86.0,9.17
246,buraydah,20.0,SA,1584244261.0,82.0,26.33,43.98,60.8,12.75
247,chahal,0.0,GT,1584244261.0,96.0,15.75,-89.57,65.61,0.92
248,roros,100.0,NO,1584244262.0,74.0,62.57,11.38,28.4,12.75
249,bethel,90.0,US,1584244262.0,52.0,41.37,-73.41,46.99,8.05
250,sinaloa,20.0,MX,1584244262.0,56.0,25.0,-107.5,73.4,5.82
251,khuzhir,100.0,RU,1584244263.0,93.0,53.19,107.34,29.1,4.85
252,samalaeulu,,,,,,,,
253,tukrah,89.0,LY,1584244263.0,55.0,32.53,20.58,57.54,5.59
254,mersing,40.0,MY,1584244264.0,74.0,2.43,103.84,87.8,12.75
255,port hedland,0.0,AU,1584244264.0,50.0,-20.32,118.57,96.8,12.75
256,avarua,8.0,CK,1584244265.0,78.0,-21.21,-159.78,82.4,8.05
257,henties bay,0.0,NA,1584244267.0,94.0,-22.12,14.28,61.0,2.98
258,sept-iles,90.0,CA,1584244268.0,62.0,50.2,-66.38,23.0,13.87
259,barrow,1.0,US,1584244268.0,70.0,71.29,-156.79,1.4,18.34
260,cockburn town,0.0,TC,1584244268.0,79.0,21.46,-71.14,75.61,19.8
261,castro,0.0,BR,1584244269.0,92.0,-24.79,-50.01,61.39,4.52
262,shadegan,75.0,IR,1584244270.0,87.0,30.65,48.66,64.4,7.74
263,turukhansk,100.0,RU,1584244271.0,97.0,65.82,87.98,30.96,10.94
264,beloha,85.0,MG,1584244271.0,85.0,-25.17,45.05,70.77,10.33
265,kyle of lochalsh,,,,,,,,
266,palera,0.0,IN,1584244272.0,37.0,25.02,79.23,67.15,11.12
267,marquette,75.0,US,1584244155.0,79.0,46.53,-87.63,21.99,6.93
268,vestmannaeyjar,0.0,IS,1584244273.0,66.0,63.44,-20.27,26.46,17.45
269,alice town,30.0,BS,1584244273.0,81.0,25.72,-79.3,75.31,14.81
270,ambilobe,100.0,MG,1584244274.0,89.0,-13.2,49.05,79.29,12.03
271,kaitangata,100.0,NZ,1584244275.0,79.0,-46.28,169.85,61.0,1.99
272,zawiercie,0.0,PL,1584244275.0,68.0,50.49,19.42,27.0,4.7
273,noumea,100.0,NC,1584244160.0,74.0,-22.28,166.46,86.0,4.7
274,den helder,90.0,NL,1584244276.0,81.0,52.96,4.76,48.2,21.92
275,lipari,20.0,IT,1584244277.0,87.0,38.47,14.95,59.0,4.7
276,grand gaube,75.0,MU,1584244277.0,94.0,-20.01,57.66,80.01,10.65
277,solnechnyy,13.0,RU,1584244278.0,62.0,50.72,136.63,18.28,4.54
278,hasaki,75.0,JP,1584244278.0,39.0,35.73,140.83,55.0,3.36
279,mergui,,,,,,,,
280,boa vista,20.0,BR,1584244280.0,58.0,2.82,-60.67,86.0,5.82
281,herat,75.0,AF,1584244180.0,50.0,34.5,62.0,51.8,2.24
282,chuy,100.0,UY,1584244282.0,92.0,-33.7,-53.46,68.94,12.41
283,yermakovskoye,100.0,RU,1584244282.0,92.0,53.28,92.4,33.58,6.51
284,wad rawah,62.0,SD,1584244282.0,30.0,15.16,33.14,65.35,9.82
285,sibolga,40.0,ID,1584244283.0,56.0,1.74,98.78,87.6,2.28
286,charters towers,0.0,AU,1584244283.0,35.0,-20.1,146.27,85.17,11.83
287,najran,75.0,SA,1584244283.0,40.0,17.49,44.13,73.4,5.82
288,mangrol,32.0,IN,1584244284.0,42.0,21.12,70.12,76.06,20.62
289,guarapari,40.0,BR,1584244021.0,94.0,-20.67,-40.5,75.2,2.68
290,werda,0.0,BW,1584244285.0,40.0,-25.27,23.28,71.15,6.35
291,pyapon,37.0,MM,1584244285.0,35.0,16.28,95.68,90.81,5.95
292,kegayli,,,,,,,,
293,lompoc,20.0,US,1584244286.0,87.0,34.64,-120.46,55.4,5.82
294,bilibino,100.0,RU,1584244288.0,85.0,68.05,166.44,2.97,6.11
295,taltal,51.0,CL,1584244288.0,90.0,-25.4,-70.48,59.85,3.06
296,bafq,100.0,IR,1584244288.0,31.0,31.61,55.41,61.3,6.98
297,havre-saint-pierre,90.0,CA,1584244289.0,79.0,50.23,-63.6,23.0,24.16
298,jiwani,100.0,PK,1584244290.0,64.0,25.05,61.74,73.38,5.68
299,orangeburg,1.0,US,1584244290.0,77.0,33.49,-80.86,64.4,4.7
300,kloulklubed,75.0,PW,1584244020.0,66.0,7.04,134.26,87.8,8.05
301,comodoro rivadavia,56.0,AR,1584244015.0,45.0,-45.87,-67.5,62.6,6.93
302,te anau,100.0,NZ,1584244292.0,67.0,-45.42,167.72,61.65,7.18
303,ulladulla,90.0,AU,1584244293.0,63.0,-35.35,150.47,63.0,9.17
304,souillac,75.0,MU,1584244293.0,94.0,-20.52,57.52,80.01,7.81
305,kenai,1.0,US,1584244293.0,38.0,60.55,-151.26,30.2,5.82
306,blythe,1.0,US,1584244294.0,55.0,33.61,-114.6,66.2,8.05
307,oranjestad,75.0,AW,1584244016.0,74.0,12.52,-70.03,80.6,12.75
308,utiroa,,,,,,,,
309,asyut,0.0,EG,1584244296.0,76.0,27.18,31.18,58.59,5.28
310,huarmey,100.0,PE,1584244296.0,74.0,-10.07,-78.15,72.63,1.63
311,zhigansk,100.0,RU,1584244297.0,94.0,66.77,123.37,-3.84,23.09
312,sakakah,20.0,SA,1584244297.0,82.0,29.97,40.21,55.4,10.29
313,daru,1.0,PG,1584244298.0,57.0,-9.08,143.21,89.83,6.4
314,vargem grande,100.0,BR,1584244298.0,97.0,-3.54,-43.92,73.49,1.63
315,fort-shevchenko,90.0,KZ,1584244299.0,86.0,44.51,50.26,45.86,19.64
316,huangchuan,0.0,CN,1584244299.0,42.0,32.13,115.04,64.99,9.75
317,zhuhai,84.0,CN,1584244005.0,60.0,22.28,113.57,75.99,8.05
318,emborion,100.0,GR,1584244300.0,65.0,40.48,21.55,54.0,13.87
319,tucuman,90.0,AR,1584244300.0,88.0,-26.82,-65.22,73.4,9.17
320,muzquiz,,,,,,,,
321,osakarovka,100.0,KZ,1584244302.0,86.0,50.56,72.57,32.47,14.83
322,pella,28.0,RU,1584244303.0,57.0,59.78,30.82,21.2,8.95
323,guanica,40.0,PR,1584244305.0,79.0,17.97,-66.91,77.0,18.34
324,luceville,,,,,,,,
325,dubrovytsya,0.0,UA,1584244306.0,54.0,51.57,26.57,27.82,10.76
326,beringovskiy,85.0,RU,1584244307.0,91.0,63.05,179.32,22.42,8.55
327,dera bugti,100.0,PK,1584244307.0,43.0,29.03,69.15,61.97,6.31
328,kansanshi,100.0,ZM,1584244308.0,98.0,-12.1,26.43,62.01,2.46
329,kutum,100.0,SD,1584244308.0,30.0,14.2,24.67,53.11,3.91
330,shingu,20.0,JP,1584244310.0,43.0,33.73,135.98,51.8,5.82
331,kem,0.0,RU,1584244311.0,91.0,64.96,34.58,3.61,7.38
332,santa isabel do rio negro,100.0,BR,1584244311.0,97.0,-0.41,-65.02,74.61,1.43
333,colquechaca,61.0,BO,1584244312.0,87.0,-18.67,-66.02,51.42,3.8
334,mutsamudu,,,,,,,,
335,hay river,75.0,CA,1584244313.0,40.0,60.82,-115.8,15.8,10.29
336,half moon bay,90.0,US,1584244313.0,81.0,37.46,-122.43,51.01,6.93
337,morondava,0.0,MG,1584244314.0,88.0,-20.28,44.28,70.38,3.69
338,takoradi,100.0,GH,1584244314.0,92.0,4.88,-1.76,75.7,3.69
339,opobo,,,,,,,,
340,sol-iletsk,100.0,RU,1584244315.0,93.0,51.16,54.99,34.83,11.21
341,preili,0.0,LV,1584244316.0,75.0,56.29,26.72,25.09,6.89
342,fevralsk,,,,,,,,
343,ertil,83.0,RU,1584244223.0,78.0,51.84,40.81,30.43,19.3
344,ondorhaan,,,,,,,,
345,karratha,12.0,AU,1584244252.0,69.0,-20.74,116.85,85.66,13.22
346,mahon,0.0,ES,1584244319.0,93.0,39.89,4.27,48.2,4.7
347,sao joao da barra,67.0,BR,1584244319.0,85.0,-21.64,-41.05,78.12,6.11
348,kirakira,94.0,SB,1584244320.0,76.0,-10.45,161.92,82.99,12.37
349,pevek,100.0,RU,1584244320.0,67.0,69.7,170.31,7.63,8.12
350,shiyan,0.0,CN,1584244321.0,23.0,32.65,110.78,65.08,4.14
351,zelenets,0.0,RU,1584244321.0,78.0,61.88,50.75,17.6,4.47
352,batagay-alyta,0.0,RU,1584244321.0,86.0,67.8,130.41,-17.23,5.84
353,rungata,,,,,,,,
354,alta floresta,100.0,BR,1584244323.0,96.0,-9.88,-56.09,71.71,1.3
355,aktash,81.0,RU,1584244324.0,76.0,50.3,87.73,20.37,7.36
356,pavlohrad,0.0,UA,1584244324.0,73.0,48.52,35.87,26.6,8.95
357,jinxiang,0.0,CN,1584244326.0,37.0,22.86,115.7,73.0,1.01
358,bajil,9.0,YE,1584244326.0,78.0,15.06,43.29,70.43,3.2
359,new iberia,1.0,US,1584244327.0,88.0,30.0,-91.82,70.0,6.93
360,songjianghe,100.0,CN,1584244327.0,61.0,42.19,127.48,23.02,13.11
361,lae,99.0,PG,1584244327.0,79.0,-6.72,146.98,75.09,4.63
362,mount isa,40.0,AU,1584244328.0,24.0,-20.73,139.5,91.4,9.17
363,belogorsk,0.0,RU,1584244328.0,87.0,50.92,128.46,9.5,9.82
364,ruatoria,,,,,,,,
365,ust-kuyga,0.0,RU,1584244329.0,86.0,70.02,135.6,-17.75,8.08
366,namibe,87.0,AO,1584244331.0,76.0,-15.2,12.15,76.46,3.69
367,benton harbor,75.0,US,1584244331.0,90.0,42.12,-86.45,35.01,10.63
368,likhoslavl,90.0,RU,1584244332.0,75.0,57.13,35.46,22.91,11.5
369,lorengau,99.0,PG,1584244333.0,74.0,-2.02,147.27,84.74,11.48
370,paamiut,100.0,GL,1584244334.0,68.0,61.99,-49.67,4.01,6.6
371,winnemucca,90.0,US,1584244336.0,52.0,40.97,-117.74,42.8,5.82
372,srikakulam,0.0,IN,1584244337.0,55.0,18.3,83.9,82.45,6.58
373,camana,65.0,PE,1584244337.0,84.0,-16.62,-72.71,66.76,2.89
374,harlingen,40.0,US,1584244294.0,83.0,26.19,-97.7,75.99,9.17
375,thunder bay,5.0,CA,1584244320.0,37.0,48.4,-89.32,21.2,5.82
376,yerbogachen,100.0,RU,1584244338.0,93.0,61.28,108.01,28.92,12.06
377,nemuro,75.0,JP,1584244339.0,73.0,43.32,145.57,32.0,6.93
378,dekar,32.0,BW,1584244339.0,60.0,-21.53,21.93,71.2,1.95
379,kavieng,99.0,PG,1584244341.0,64.0,-2.57,150.8,85.37,5.23
380,saint george,1.0,US,1584244341.0,54.0,37.1,-113.58,57.2,13.87
381,srednekolymsk,100.0,RU,1584244342.0,96.0,67.45,153.68,-2.67,12.93
382,ostrovnoy,35.0,RU,1584244343.0,91.0,68.05,39.51,0.46,15.43
383,kahului,75.0,US,1584244343.0,78.0,20.89,-156.47,77.0,12.75
384,arklow,75.0,IE,1584244344.0,87.0,52.79,-6.14,45.0,19.46
385,caconda,100.0,AO,1584244345.0,97.0,-13.73,15.07,62.37,3.62
386,mo i rana,100.0,NO,1584244258.0,96.0,66.31,14.14,17.56,4.47
387,dalvik,0.0,IS,1584244346.0,77.0,65.97,-18.53,6.8,10.29
388,sobolevo,96.0,RU,1584244346.0,60.0,54.43,31.9,24.91,17.18
389,monrovia,10.0,LR,1584244200.0,91.0,6.3,-10.8,80.38,5.53
390,vikulovo,89.0,RU,1584244348.0,92.0,56.82,70.61,30.29,9.6
391,tumannyy,,,,,,,,
392,dicabisagan,56.0,PH,1584244348.0,84.0,17.08,122.42,76.44,15.3
393,requena,20.0,ES,1584244349.0,100.0,39.49,-1.1,54.0,4.7
394,waipawa,0.0,NZ,1584244349.0,72.0,-41.41,175.52,66.99,10.29
395,hofn,99.0,IS,1584244352.0,65.0,64.25,-15.21,30.13,15.12
396,ndioum,37.0,SN,1584244352.0,49.0,16.51,-14.65,68.0,2.24
397,beni,29.0,CD,1584244353.0,96.0,0.5,29.47,64.81,1.81
398,lahat,81.0,ID,1584244354.0,70.0,-3.8,103.53,80.31,3.47
399,port hardy,5.0,CA,1584244128.0,37.0,50.7,-127.42,35.6,9.17
400,bhag,100.0,PK,1584244355.0,39.0,29.04,67.82,67.44,8.08
401,voh,100.0,NC,1584244355.0,78.0,-20.97,164.7,84.18,41.52
402,los llanos de aridane,20.0,ES,1584244356.0,67.0,28.66,-17.92,62.6,8.05
403,faanui,0.0,PF,1584244359.0,73.0,-16.48,-151.75,83.46,11.74
404,samusu,,,,,,,,
405,axim,100.0,GH,1584244359.0,92.0,4.87,-2.24,75.7,3.69
406,clyde river,1.0,CA,1584244360.0,67.0,70.47,-68.59,-27.4,3.36
407,lusambo,100.0,CD,1584244361.0,92.0,-4.97,23.45,69.39,1.99
408,thinadhoo,90.0,MV,1584244361.0,61.0,0.53,72.93,83.5,4.65
409,bismarck,90.0,US,1584244221.0,85.0,46.81,-100.78,24.8,14.99
410,belmonte,20.0,BR,1584244362.0,74.0,-15.86,-38.88,80.6,5.82
411,kahta,40.0,TR,1584244363.0,93.0,37.79,38.62,50.0,4.7
412,perth,75.0,AU,1584244363.0,78.0,-31.93,115.83,80.01,6.93
413,ust-ishim,56.0,RU,1584244363.0,92.0,57.69,71.17,30.74,7.4
414,havelock,90.0,US,1584244364.0,58.0,34.88,-76.9,57.2,8.05
415,dondo,20.0,MZ,1584244365.0,94.0,-19.61,34.74,73.4,4.7
416,zhitikara,,,,,,,,
417,palu,100.0,ID,1584244243.0,57.0,-0.89,119.87,82.56,4.29
418,ryotsu,63.0,JP,1584244367.0,52.0,38.08,138.43,46.4,5.82
419,mackenzie,1.0,CA,1584244368.0,33.0,55.3,-123.17,12.2,6.93
420,gryazovets,100.0,RU,1584244368.0,79.0,58.88,40.25,19.6,7.4
421,kaka,100.0,TM,1584244368.0,27.0,37.35,59.61,67.37,6.8
422,kieta,100.0,PG,1584244369.0,76.0,-6.22,155.63,84.63,15.64
423,oriximina,100.0,BR,1584244369.0,95.0,-1.77,-55.87,76.77,3.67
424,tucupita,68.0,VE,1584244370.0,87.0,9.06,-62.05,73.0,2.89
425,grindavik,0.0,IS,1584244370.0,67.0,63.84,-22.43,23.0,9.17
426,talusan,63.0,PH,1584244371.0,58.0,7.43,122.81,85.5,2.62
427,la palma,90.0,US,1584244371.0,93.0,33.85,-118.05,60.8,5.82
428,bentiu,74.0,SS,1584244373.0,24.0,9.23,29.83,73.29,4.5
429,avera,1.0,US,1584244373.0,88.0,33.19,-82.53,68.0,7.29
430,iracoubo,96.0,GF,1584244374.0,77.0,5.48,-53.2,79.61,15.52
431,biak,46.0,ID,1584244375.0,69.0,-0.91,122.88,83.28,7.58
432,ola,100.0,RU,1584244377.0,89.0,59.58,151.28,11.14,5.46
433,viedma,0.0,AR,1584244379.0,64.0,-40.81,-63.0,55.98,1.79
434,marsabit,100.0,KE,1584244380.0,54.0,2.33,37.99,79.88,18.12
435,karlskoga,100.0,SE,1584244380.0,71.0,59.33,14.52,35.01,11.41
436,aragarcas,33.0,BR,1584244381.0,85.0,-15.9,-52.25,72.9,2.44
437,barawe,,,,,,,,
438,kolpashevo,100.0,RU,1584244382.0,91.0,58.31,82.91,34.52,12.88
439,ancud,16.0,CL,1584244382.0,93.0,-41.87,-73.82,46.4,4.7
440,brownwood,90.0,US,1584244384.0,87.0,31.71,-98.99,57.2,8.05
441,salalah,75.0,OM,1584244384.0,57.0,17.02,54.09,77.0,6.93
442,samarai,0.0,PG,1584244384.0,50.0,-10.62,150.67,90.18,9.08
443,lasa,5.0,IT,1584244385.0,78.0,46.62,10.7,41.0,3.36
444,port macquarie,47.0,AU,1584244385.0,64.0,-31.43,152.92,69.8,18.34
445,wattegama,12.0,LK,1584244385.0,74.0,6.8,81.48,84.2,11.41
446,namatanai,100.0,PG,1584244386.0,72.0,-3.67,152.43,84.18,10.42
447,aleppo,0.0,SY,1584244387.0,90.0,36.25,37.5,51.44,2.28
448,petropavlovsk-kamchatskiy,90.0,RU,1584244388.0,42.0,53.05,158.65,28.4,4.47
449,somerset east,100.0,ZA,1584244388.0,86.0,-32.72,25.59,59.52,6.02
450,monchique,74.0,PT,1584244389.0,93.0,37.32,-8.56,59.0,5.82
451,mutis,9.0,CO,1584244389.0,84.0,6.23,-77.4,77.7,2.39
452,kruisfontein,10.0,ZA,1584244389.0,84.0,-34.0,24.73,62.2,8.63
453,porangatu,7.0,BR,1584244390.0,93.0,-13.44,-49.15,70.93,1.3
454,mayo,90.0,US,1584244391.0,75.0,38.89,-76.51,48.0,5.82
455,locri,20.0,IT,1584244391.0,87.0,38.24,16.26,60.01,4.7
456,porto walter,100.0,BR,1584244392.0,93.0,-8.27,-72.74,74.93,1.9
457,asfi,100.0,MA,1584244392.0,91.0,32.3,-9.24,52.79,4.68
458,kiunga,31.0,PG,1584244393.0,80.0,-6.12,141.29,83.23,4.36
459,abu dhabi,97.0,AE,1584244393.0,25.0,24.47,54.37,75.2,9.17
460,warmbad,0.0,NA,1584244394.0,56.0,-28.45,18.73,62.19,4.23
461,bouillante,44.0,GP,1584244395.0,94.0,16.13,-61.77,69.8,3.71
462,pringsewu,26.0,ID,1584244396.0,74.0,-5.36,104.97,83.21,4.63
463,riyadh,46.0,SA,1584244113.0,51.0,24.69,46.72,62.6,4.7
464,uyovu,99.0,TZ,1584244397.0,96.0,-3.28,31.53,63.09,0.67
465,treuchtlingen,20.0,DE,1584244397.0,92.0,48.95,10.92,34.0,3.36
466,coquimbo,0.0,CL,1584244398.0,93.0,-29.95,-71.34,60.8,1.12
467,naze,20.0,JP,1584244399.0,39.0,28.37,129.48,62.6,14.99
468,mys shmidta,,,,,,,,
469,golden,90.0,US,1584244309.0,80.0,39.76,-105.22,39.0,8.05
470,palaikastron,100.0,GR,1584244401.0,88.0,35.2,26.25,55.99,1.99
471,caraguatatuba,94.0,BR,1584244402.0,83.0,-23.63,-45.49,69.8,1.77
472,mozarlandia,0.0,BR,1584244402.0,88.0,-14.74,-50.57,73.87,4.27
473,norman wells,90.0,CA,1584244403.0,92.0,65.28,-126.83,19.4,19.42
474,hirtshals,100.0,DK,1584244404.0,82.0,57.59,9.96,39.0,10.0
475,ambanja,75.0,MG,1584244405.0,84.0,-13.68,48.45,78.8,6.93
476,phan thiet,0.0,VN,1584244406.0,44.0,10.93,108.1,88.23,10.87
477,lavumisa,0.0,SZ,1584244408.0,97.0,-27.31,31.89,68.05,1.72
478,rockhampton,40.0,AU,1584244408.0,42.0,-23.38,150.5,86.0,5.82
479,solovetskiy,,,,,,,,
480,tsiroanomandidy,42.0,MG,1584244409.0,93.0,-18.77,46.03,67.03,0.87
481,lata,75.0,PT,1584244411.0,93.0,40.16,-8.33,54.0,2.24
482,camacha,75.0,PT,1584244411.0,59.0,33.08,-16.33,60.8,13.87
483,hovd,6.0,MN,1584244249.0,35.0,48.01,91.64,30.04,4.05
484,egvekinot,93.0,RU,1584244412.0,61.0,66.32,-179.17,9.75,2.08
485,yar-sale,10.0,RU,1584244412.0,87.0,66.83,70.83,-8.54,10.74
486,sulangan,3.0,PH,1584244413.0,70.0,11.14,123.72,79.88,8.3
487,koper,0.0,SI,1584244413.0,45.0,45.55,13.73,50.0,5.82
488,ashta,32.0,IN,1584244414.0,34.0,23.02,76.72,66.2,8.05
489,krasnorechenskiy,94.0,RU,1584244415.0,66.0,44.63,135.35,30.96,2.62
490,kokkola,97.0,FI,1584244416.0,73.0,63.84,23.13,28.0,17.22
491,high level,75.0,CA,1584244418.0,46.0,58.52,-117.14,6.8,4.7
492,la orilla,27.0,MX,1584244418.0,87.0,17.98,-102.23,75.85,0.6
493,trairi,100.0,BR,1584244418.0,96.0,-3.28,-39.27,73.83,2.89
494,honiara,75.0,SB,1584244419.0,70.0,-9.43,159.95,89.6,12.75
495,diffa,3.0,NE,1584244419.0,26.0,13.32,12.61,63.12,9.35
496,saint-francois,48.0,FR,1584244421.0,92.0,46.42,3.91,39.0,5.82
497,badiraguato,20.0,MX,1584244421.0,56.0,25.37,-107.52,73.4,5.82
498,natitingou,82.0,BJ,1584244422.0,78.0,10.3,1.38,77.0,4.7
499,elmira,90.0,US,1584244423.0,69.0,42.09,-76.81,37.0,6.93
500,hamilton,90.0,US,1584244424.0,93.0,39.18,-84.53,36.0,6.93
501,flinders,90.0,AU,1584244424.0,63.0,-34.58,150.86,64.99,9.17
502,mazara del vallo,40.0,IT,1584244424.0,87.0,37.66,12.59,60.01,8.05
503,pingliang,100.0,CN,1584244425.0,21.0,35.54,106.69,42.48,7.49
504,matara,18.0,LK,1584244426.0,65.0,5.95,80.54,82.18,6.22
505,ambon,40.0,ID,1584244130.0,70.0,-3.7,128.18,86.0,3.36
506,galle,6.0,LK,1584244391.0,78.0,6.04,80.22,79.57,5.06
507,traverse city,40.0,US,1584244428.0,63.0,44.76,-85.62,30.2,3.36
508,bargal,,,,,,,,
509,waingapu,28.0,ID,1584244428.0,72.0,-9.66,120.26,83.39,6.22
510,kasongo-lunda,100.0,CD,1584244429.0,95.0,-6.47,16.82,68.56,0.67
511,saint charles,90.0,US,1584244135.0,93.0,38.78,-90.48,39.0,13.87
512,islamkot,98.0,PK,1584244431.0,25.0,24.7,70.18,71.98,10.6
513,jacareacanga,97.0,BR,1584244431.0,99.0,-6.22,-57.75,71.76,0.67
514,umm durman,,,,,,,,
515,bugiri,8.0,UG,1584244433.0,89.0,0.57,33.74,65.84,2.77
516,atambua,2.0,ID,1584244434.0,67.0,-9.11,124.89,84.42,5.86
517,nishihara,75.0,JP,1584244434.0,48.0,26.18,127.76,64.4,17.22
518,deputatskiy,0.0,RU,1584244435.0,90.0,69.3,139.9,-24.05,2.39
519,kavaratti,20.0,IN,1584244435.0,74.0,10.57,72.64,82.4,4.7
520,laguna,40.0,US,1584244436.0,81.0,38.42,-121.42,51.8,8.05
521,uyemskiy,20.0,RU,1584244437.0,92.0,64.47,40.85,6.8,2.24
522,at-bashi,0.0,KG,1584244438.0,48.0,41.17,75.81,9.09,2.39
523,whitehorse,75.0,CA,1584244276.0,38.0,60.72,-135.05,24.8,3.36
524,nouadhibou,0.0,MR,1584244439.0,72.0,20.93,-17.03,65.53,22.66
525,nandu,100.0,CN,1584244439.0,59.0,22.85,110.82,68.4,6.06
526,pimentel,90.0,PE,1584244439.0,29.0,-6.84,-79.93,66.2,11.41
527,kushiro,20.0,JP,1584244440.0,51.0,42.98,144.37,37.4,13.87
528,chimore,48.0,BO,1584244441.0,83.0,-16.98,-65.13,75.54,2.91
529,riyaq,,,,,,,,
530,georgiyevka,0.0,KZ,1584244334.0,46.0,43.04,74.71,50.0,13.42
531,khani,90.0,GE,1584244442.0,100.0,41.96,42.96,48.2,4.7
532,tomatlan,6.0,MX,1584244442.0,95.0,19.93,-105.25,67.28,0.89
533,itarema,81.0,BR,1584244443.0,95.0,-2.92,-39.92,74.59,2.73
534,dusti,0.0,TJ,1584244443.0,58.0,37.35,68.66,55.4,4.94
535,vanimo,100.0,PG,1584244444.0,87.0,-2.67,141.3,79.0,24.96
536,nelidovo,100.0,RU,1584244445.0,64.0,56.22,32.78,22.69,11.81
537,buchanan,30.0,LR,1584244445.0,94.0,5.88,-10.05,77.56,2.93
538,rosetta,1.0,EG,1584244445.0,100.0,31.4,30.42,55.4,7.87
539,port-gentil,97.0,GA,1584244446.0,77.0,-0.72,8.78,82.94,7.87
540,berbera,96.0,SO,1584244446.0,83.0,10.44,45.01,77.97,8.28
541,nuevo progreso,63.0,MX,1584244448.0,94.0,23.17,-97.95,73.99,3.0
542,oistins,75.0,BB,1584244448.0,78.0,13.07,-59.53,78.8,16.11
543,tottori,75.0,JP,1584244386.0,81.0,35.5,134.23,48.2,21.92
544,carutapera,100.0,BR,1584244449.0,78.0,-1.2,-46.02,82.17,14.83
545,bahia blanca,97.0,AR,1584244435.0,69.0,-38.72,-62.27,58.14,6.49
546,ust-omchug,100.0,RU,1584244450.0,76.0,61.15,149.63,-3.84,1.86
547,krasnovka,44.0,RU,1584244452.0,69.0,48.82,40.09,33.89,14.81
548,puerto escondido,40.0,MX,1584244400.0,88.0,15.85,-97.07,82.4,3.36
549,kjopsvik,100.0,NO,1584244454.0,69.0,68.1,16.37,36.0,33.33
550,brae,44.0,GB,1584244347.0,93.0,60.4,-1.35,44.6,16.11
551,flin flon,100.0,CA,1584244455.0,94.0,54.77,-101.86,1.6,3.15
552,atar,0.0,MR,1584244455.0,12.0,20.52,-13.05,67.55,6.58
553,maumere,100.0,ID,1584244455.0,67.0,-8.62,122.21,82.74,6.08
554,san cristobal,40.0,VE,1584244456.0,78.0,7.77,-72.22,78.8,2.24
555,makinsk,100.0,KZ,1584244456.0,95.0,52.63,70.42,31.98,15.12
556,hirara,20.0,JP,1584244457.0,42.0,24.8,125.28,66.2,13.87
557,husavik,0.0,IS,1584244457.0,77.0,66.04,-17.34,6.8,10.29
558,maxixe,3.0,MZ,1584244458.0,80.0,-23.86,35.35,76.75,1.95
559,dwarka,100.0,IN,1584244458.0,50.0,22.24,68.97,74.43,18.75
560,zapolyarnyy,90.0,RU,1584244459.0,85.0,69.42,30.81,15.8,40.26
561,porto novo,40.0,BJ,1584244459.0,83.0,6.5,2.6,82.4,9.17
562,fare,0.0,PF,1584244460.0,75.0,-16.7,-151.02,83.12,12.01
563,powell river,5.0,CA,1584244388.0,40.0,49.85,-124.54,35.6,5.82
564,vangaindrano,100.0,MG,1584244461.0,95.0,-23.35,47.6,72.39,2.06
565,roma,1.0,US,1584244299.0,74.0,43.21,-75.46,36.0,6.93
566,viligili,,,,,,,,
567,prachuap khiri khan,19.0,TH,1584244283.0,75.0,11.82,99.78,84.31,12.55
568,bom jesus da lapa,100.0,BR,1584244283.0,87.0,-13.26,-43.42,71.38,4.18
569,winneba,100.0,GH,1584244464.0,88.0,5.35,-0.62,78.8,8.05
570,sioux lookout,5.0,CA,1584244464.0,39.0,50.1,-91.92,14.0,3.36
571,port hueneme,90.0,US,1584244464.0,71.0,34.15,-119.2,57.2,4.7
572,antofagasta,90.0,CL,1584244433.0,82.0,-23.65,-70.4,66.2,8.05
573,sembe,2.0,CG,1584244466.0,64.0,1.65,14.58,71.78,2.48
574,maragogi,100.0,BR,1584244468.0,79.0,-9.01,-35.22,81.73,12.71
575,muros,90.0,ES,1584244469.0,100.0,42.78,-9.06,50.0,1.12
576,darab,68.0,IR,1584244469.0,62.0,28.75,54.54,55.0,4.85
577,moorhead,1.0,US,1584244471.0,66.0,46.87,-96.77,19.4,6.93
578,lensk,100.0,RU,1584244471.0,92.0,60.73,114.93,28.54,10.56
579,eureka,90.0,US,1584244474.0,86.0,40.8,-124.16,43.0,11.41
